,Rank
miR-335-3p,1
miR-205-5p,1
miR-183-5p,1
miR-132-3p,1
miR-182-5p,1
miR-339-3p,1
miR-216a-3p,1
miR-429,1
miR-17-3p,1
miR-20a-5p,1
miR-15b-3p,1
miR-873-5p,1
miR-210-3p,1
miR-4705,1
miR-135a-5p,1
miR-138-5p,1
miR-92a-3p,1
miR-346,1
miR-34a-5p,1
miR-139-3p,1
miR-34b-3p,1
miR-139-5p,1
miR-34b-5p,1
miR-141-3p,1
miR-96-5p,1
miR-34c-3p,1
miR-25-3p,1
miR-34c-5p,1
miR-216a-5p,1
miR-30a-3p,1
miR-93-5p,1
miR-19b-3p,1
miR-216b-5p,1
miR-200b-5p,1
miR-200a-3p,1
miR-130b-3p,1
miR-4423-3p,1
miR-216b-3p,1
miR-1915-3p,1
miR-4423-5p,1
miR-106b-3p,1
miR-217,1
miR-128-3p,1
miR-200c-3p,1
miR-301b,1
miR-195-5p,1
miR-93-3p,1
miR-375,1
miR-106b-5p,1
miR-200b-3p,1
miR-31-5p,2
miR-5010-3p,3
miR-19a-3p,4
miR-887-3p,5
miR-491-5p,6
miR-29a-3p,7
miR-17-5p,8
miR-542-5p,9
miR-101-5p,10
miR-378b,11
miR-130b-5p,12
miR-92b-3p,13
miR-2681-3p,14
miR-19b-1-5p,15
miR-212-3p,16
miR-141-5p,17
miR-30c-2-3p,18
miR-1197,19
miR-1249,20
miR-29b-3p,21
miR-4429,22
miR-1180-3p,23
miR-935,24
miR-132-5p,25
miR-769-5p,26
miR-124-5p,27
miR-20b-5p,28
miR-148a-3p,29
miR-20a-3p,30
miR-301a-3p,31
miR-30a-5p,32
miR-7-2-3p,33
miR-149-5p,34
miR-195-3p,35
miR-4632-5p,36
miR-106a-5p,37
miR-187-5p,38
miR-25-5p,39
miR-23c,40
miR-1237-5p,41
miR-196a-5p,42
miR-345-5p,43
miR-6727-5p,44
miR-488-5p,45
miR-328-3p,46
miR-32-5p,47
miR-30b-5p,48
miR-146b-5p,49
miR-1290,50
miR-7-1-3p,51
miR-190b,52
miR-654-5p,53
miR-378h,54
miR-9-3p,55
miR-200a-5p,56
miR-582-5p,57
miR-495-3p,58
miR-424-3p,59
miR-205-3p,60
miR-760,61
miR-1247-5p,62
miR-7-5p,63
miR-6516-5p,64
miR-129-5p,65
miR-3667-5p,66
miR-3180,67
miR-551a,68
miR-376a-5p,69
miR-1251-3p,70
miR-1301-3p,71
miR-519a-3p,72
miR-885-5p,73
miR-10a-5p,74
miR-146a-5p,75
miR-1185-2-3p,76
miR-489-3p,77
miR-22-3p,78
miR-23b-3p,79
miR-153-3p,80
miR-92b-5p,81
miR-128-1-5p,82
miR-30c-5p,83
miR-770-5p,84
miR-1228-3p,85
miR-154-5p,86
miR-6516-3p,87
miR-410-3p,88
miR-221-3p,89
miR-125b-2-3p,90
miR-24-2-5p,91
miR-222-3p,92
miR-340-5p,93
miR-129-2-3p,94
miR-150-5p,95
miR-1226-3p,96
miR-320e,97
miR-487a-3p,98
miR-33a-5p,99
miR-676-3p,100
miR-4795-5p,101
miR-576-3p,102
miR-432-5p,103
miR-605-3p,104
miR-182-3p,105
miR-219a-1-3p,106
miR-877-5p,107
miR-18a-3p,108
miR-4800-3p,109
miR-137,110
miR-124-3p,111
miR-22-5p,112
miR-26a-1-3p,113
miR-323b-3p,114
miR-222-5p,115
miR-500b-5p,116
miR-19a-5p,117
miR-4728-3p,118
miR-561-5p,119
miR-34a-3p,120
miR-30e-3p,121
miR-488-3p,122
miR-27b-5p,123
miR-184,124
miR-21-3p,125
miR-138-1-3p,126
miR-660-5p,127
miR-143-3p,128
miR-15b-5p,129
miR-1307-5p,130
miR-944,131
miR-221-5p,132
miR-135a-3p,133
miR-589-5p,134
miR-6738-5p,135
miR-211-5p,136
miR-301a-5p,137
miR-140-5p,138
miR-485-3p,139
miR-29b-2-5p,140
miR-2682-3p,141
miR-668-3p,142
miR-181b-5p,143
miR-876-5p,144
miR-127-3p,145
miR-92a-1-5p,146
miR-377-5p,147
miR-125b-1-3p,148
miR-196b-5p,149
miR-27b-3p,150
miR-374b-3p,151
miR-208b-3p,152
miR-4636,153
miR-330-5p,154
miR-3653,155
miR-23a-3p,156
miR-2115-5p,157
miR-361-5p,158
miR-223-3p,159
miR-329-3p,160
miR-542-3p,161
miR-335-5p,162
miR-758-3p,163
miR-152-3p,164
miR-6794-3p,165
miR-30e-5p,166
miR-223-5p,167
miR-1287-5p,168
miR-503-5p,169
miR-874-5p,170
miR-877-3p,171
miR-383-5p,172
miR-365a-3p,173
miR-323a-5p,174
miR-6721-5p,175
miR-194-5p,176
miR-342-3p,177
miR-144-3p,178
miR-187-3p,179
miR-6131,180
miR-29c-3p,181
miR-5584-5p,182
miR-500a-3p,183
miR-18b-5p,184
miR-135b-3p,185
miR-362-5p,186
miR-181c-3p,187
miR-10a-3p,188
miR-155-5p,189
miR-197-3p,190
miR-188-3p,191
miR-374b-5p,192
miR-485-5p,193
miR-23b-5p,194
miR-9-5p,195
miR-487b-5p,196
miR-154-3p,197
miR-126-3p,198
miR-876-3p,199
miR-421,200
miR-196b-3p,201
miR-522-3p,202
miR-29b-1-5p,203
miR-3648,204
miR-193b-3p,205
miR-1185-5p,206
miR-6742-5p,207
miR-511-3p,208
miR-516a-5p,209
miR-1225-5p,210
miR-1296-5p,211
miR-502-5p,212
miR-3180-3p,213
miR-625-5p,214
miR-605-5p,215
miR-574-3p,216
miR-26b-5p,217
miR-377-3p,218
miR-641,219
miR-6869-5p,220
miR-362-3p,221
miR-326,222
miR-1468-5p,223
miR-766-3p,224
miR-129-1-3p,225
miR-363-3p,226
miR-324-5p,227
miR-1234-3p,228
miR-664a-3p,229
miR-33a-3p,230
miR-6511b-3p,231
miR-26b-3p,232
miR-338-3p,233
miR-6076,234
miR-675-3p,235
miR-490-5p,236
miR-135b-5p,237
miR-374c-5p,238
miR-299-3p,239
miR-378f,240
miR-6787-5p,241
miR-494-3p,242
miR-1227-3p,243
miR-196a-3p,244
miR-425-5p,245
miR-30d-5p,246
miR-24-3p,247
miR-1185-1-3p,248
miR-106a-3p,249
miR-6789-5p,250
miR-18b-3p,251
miR-3607-5p,252
miR-628-5p,253
miR-369-3p,254
miR-4722-3p,255
miR-126-5p,256
miR-107,257
miR-219a-2-3p,258
miR-331-5p,259
miR-1273h-5p,260
miR-744-5p,261
miR-1224-5p,262
miR-2110,263
miR-431-3p,264
miR-532-3p,265
miR-491-3p,266
miR-3197,267
miR-2116-5p,268
miR-10b-3p,269
miR-339-5p,270
miR-511-5p,271
miR-1254,272
miR-181a-3p,273
miR-103a-3p,274
miR-15a-3p,275
miR-199a-3p,276
miR-664a-5p,277
miR-29c-5p,278
miR-192-5p,279
miR-320d,280
miR-320b,281
miR-203b-3p,282
miR-3115,283
miR-378d,284
miR-299-5p,285
miR-185-3p,286
miR-629-5p,287
miR-618,288
miR-1307-3p,289
miR-361-3p,290
miR-103a-2-5p,291
miR-92a-2-5p,292
miR-153-5p,293
miR-6716-3p,294
miR-342-5p,295
miR-302a-3p,296
miR-1231,297
miR-532-5p,298
miR-1587,299
miR-670-3p,300
miR-493-3p,301
miR-136-3p,302
miR-501-5p,303
miR-6800-5p,304
miR-204-3p,305
miR-199b-5p,306
miR-105-5p,307
miR-1976,308
miR-654-3p,309
miR-1276,310
miR-3652,311
miR-331-3p,312
miR-514a-3p,313
miR-548j-3p,314
miR-143-5p,315
miR-4734,316
miR-1225-3p,317
miR-16-5p,318
miR-6798-5p,319
miR-193a-3p,320
miR-138-2-3p,321
miR-598-3p,322
miR-16-1-3p,323
miR-433-5p,324
miR-127-5p,325
miR-6781-5p,326
miR-624-5p,327
miR-215-5p,328
miR-2681-5p,329
miR-27a-5p,330
miR-210-5p,331
miR-6501-3p,332
miR-378g,333
miR-642a-5p,334
miR-1207-3p,335
miR-3607-3p,336
miR-655-3p,337
miR-6818-5p,338
miR-1273d,339
miR-592,340
miR-6165,341
miR-493-5p,342
miR-6726-3p,343
miR-6794-5p,344
miR-378i,345
miR-764,346
miR-501-3p,347
miR-655-5p,348
miR-548aw,349
miR-200c-5p,350
miR-188-5p,351
miR-561-3p,352
miR-144-5p,353
miR-495-5p,354
miR-212-5p,355
miR-1262,356
miR-1236-5p,357
miR-181a-2-3p,358
miR-539-5p,359
miR-6503-5p,360
miR-486-5p,361
miR-616-5p,362
miR-6819-3p,363
miR-376a-3p,364
miR-5010-5p,365
miR-5001-5p,366
miR-6760-3p,367
miR-190a-5p,368
miR-1180-5p,369
miR-1283,370
miR-1287-3p,371
miR-125a-5p,372
miR-425-3p,373
miR-20b-3p,374
miR-148b-3p,375
miR-10b-5p,376
miR-3182,377
miR-509-5p,378
miR-18a-5p,379
miR-4753-5p,380
miR-376b-3p,381
miR-6780b-5p,382
miR-6802-3p,383
miR-543,384
miR-214-5p,385
miR-922,386
miR-891a-5p,387
miR-6826-5p,388
miR-95-3p,389
miR-455-3p,390
miR-185-5p,391
miR-134-5p,392
miR-504-3p,393
miR-3189-5p,394
miR-3612,395
miR-302d-3p,396
miR-550a-5p,397
miR-151a-3p,398
miR-3155a,399
miR-133b,400
miR-1303,401
miR-1539,402
miR-548b-3p,403
miR-1199-3p,404
miR-509-3p,405
miR-367-3p,406
miR-6775-3p,407
miR-664b-3p,408
miR-489-5p,409
miR-199a-5p,410
miR-3910,411
miR-1291,412
miR-4746-5p,413
miR-551b-3p,414
miR-1207-5p,415
miR-5739,416
miR-520c-3p,417
miR-1299,418
miR-3132,419
miR-6511a-3p,420
miR-7845-5p,421
miR-584-3p,422
miR-1182,423
miR-3129-3p,424
miR-3913-5p,425
miR-6823-3p,426
miR-2114-5p,427
miR-193a-5p,428
miR-597-3p,429
miR-656-3p,430
miR-1306-5p,431
miR-1537-5p,432
miR-3140-5p,433
miR-5191,434
miR-6792-5p,435
miR-5088-5p,436
miR-193b-5p,437
miR-27a-3p,438
miR-6514-3p,439
miR-519b-3p,440
miR-551b-5p,441
miR-3157-5p,442
miR-4725-3p,443
miR-6801-5p,444
miR-2276-3p,445
miR-6778-3p,446
miR-1913,447
miR-6737-3p,448
miR-330-3p,449
miR-548l,450
miR-589-3p,451
miR-3150b-5p,452
miR-6757-3p,453
miR-218-5p,454
miR-2355-5p,455
miR-936,456
miR-593-5p,457
miR-5585-3p,458
miR-6769a-3p,459
miR-502-3p,460
miR-142-5p,461
miR-1296-3p,462
miR-1178-5p,463
miR-1273a,464
miR-6745,465
miR-494-5p,466
miR-105-3p,467
miR-6500-3p,468
miR-1292-5p,469
miR-1322,470
miR-934,471
miR-939-5p,472
miR-6893-3p,473
miR-134-3p,474
miR-3177-5p,475
miR-6802-5p,476
miR-548ax,477
miR-548ak,478
miR-556-5p,479
miR-28-5p,480
miR-3138,481
miR-6862-3p,482
miR-6789-3p,483
miR-663b,484
miR-382-3p,485
miR-191-3p,486
miR-181a-5p,487
miR-943,488
miR-5001-3p,489
miR-1233-3p,490
miR-505-3p,491
miR-676-5p,492
miR-6758-3p,493
miR-541-3p,494
miR-892a,495
miR-671-3p,496
miR-224-3p,497
miR-6816-3p,498
miR-125b-5p,499
miR-6513-3p,500
miR-329-5p,501
miR-1255b-2-3p,502
miR-512-3p,503
miR-5009-5p,504
miR-6767-3p,505
miR-1179,506
miR-1238-3p,507
miR-6720-3p,508
miR-1909-5p,509
miR-6810-5p,510
miR-3152-5p,511
miR-3156-5p,512
miR-1237-3p,513
miR-1306-3p,514
miR-500a-5p,515
miR-320a,516
miR-6801-3p,517
miR-1252-5p,518
miR-6760-5p,519
miR-1206,520
miR-21-5p,521
miR-3613-3p,522
miR-3937,523
miR-5094,524
miR-6804-3p,525
miR-183-3p,526
miR-6717-5p,527
miR-6716-5p,528
miR-95-5p,529
miR-548k,530
miR-5008-5p,531
miR-675-5p,532
miR-192-3p,533
miR-6836-5p,534
miR-1236-3p,535
miR-637,536
miR-6771-5p,537
miR-544b,538
miR-597-5p,539
miR-640,540
miR-181c-5p,541
miR-218-2-3p,542
miR-218-1-3p,543
miR-579-3p,544
miR-577,545
miR-1271-5p,546
miR-6515-5p,547
miR-3659,548
miR-1267,549
miR-130a-3p,550
miR-6722-5p,551
miR-6506-5p,552
miR-506-5p,553
miR-1273c,554
miR-1250-3p,555
miR-6830-5p,556
miR-548e-5p,557
miR-548ad,558
miR-6501-5p,559
miR-4763-3p,560
miR-365b-5p,561
miR-6500-5p,562
miR-6894-5p,563
miR-670-5p,564
miR-892c-5p,565
miR-656-5p,566
miR-181d-3p,567
miR-6735-5p,568
miR-6805-5p,569
miR-300,570
miR-1200,571
miR-1184,572
miR-6846-5p,573
miR-1193,574
miR-3926,575
miR-505-5p,576
miR-4793-5p,577
miR-4790-5p,578
miR-455-5p,579
miR-4747-3p,580
miR-1279,581
miR-6787-3p,582
miR-6739-5p,583
miR-4718,584
miR-4769-3p,585
miR-133a-3p,586
miR-1229-3p,587
miR-941,588
miR-208a-3p,589
miR-3145-5p,590
miR-296-5p,591
miR-1252-3p,592
miR-6862-5p,593
miR-1238-5p,594
miR-4802-3p,595
miR-517a-3p,596
miR-6088,597
miR-4789-3p,598
miR-1915-5p,599
miR-3943,600
miR-6072,601
miR-4721,602
miR-3130-3p,603
miR-1253,604
miR-5196-3p,605
miR-552-3p,606
miR-5196-5p,607
miR-651-5p,608
miR-3146,609
miR-652-3p,610
miR-197-5p,611
miR-6750-5p,612
miR-6855-3p,613
miR-6810-3p,614
miR-6825-5p,615
miR-30c-1-3p,616
miR-6891-3p,617
miR-6776-5p,618
miR-6728-5p,619
miR-6755-3p,620
miR-6822-5p,621
miR-1245b-3p,622
miR-1294,623
miR-4781-3p,624
miR-574-5p,625
miR-938,626
miR-1273g-5p,627
miR-3934-5p,628
miR-3154,629
miR-1289,630
miR-937-3p,631
miR-1178-3p,632
miR-1250-5p,633
miR-3667-3p,634
miR-1302,635
miR-579-5p,636
miR-149-3p,637
miR-595,638
miR-337-3p,639
miR-584-5p,640
miR-6515-3p,641
miR-591,642
miR-1305,643
miR-3188,644
miR-1908-5p,645
miR-5706,646
miR-422a,647
miR-5588-5p,648
miR-6797-5p,649
miR-539-3p,650
miR-3936,651
miR-4737,652
miR-369-5p,653
miR-4319,654
miR-585-3p,655
miR-6830-3p,656
miR-650,657
miR-6747-3p,658
miR-4791,659
miR-6080,660
miR-6849-5p,661
miR-6506-3p,662
miR-5692a,663
miR-6857-5p,664
miR-6509-5p,665
miR-3164,666
miR-6814-5p,667
miR-622,668
miR-363-5p,669
miR-4784,670
miR-6866-3p,671
miR-492,672
miR-6510-3p,673
miR-6842-3p,674
miR-412-3p,675
miR-643,676
miR-5582-5p,677
miR-572,678
miR-3127-5p,679
miR-5581-5p,680
miR-873-3p,681
miR-4748,682
miR-191-5p,683
miR-3613-5p,684
miR-1244,685
miR-548s,686
miR-4274,687
miR-5003-3p,688
miR-6811-3p,689
miR-6854-5p,690
miR-708-5p,691
miR-1304-5p,692
miR-1269a,693
miR-6886-5p,694
miR-4732-5p,695
miR-1288-3p,696
miR-6893-5p,697
miR-548w,698
miR-3148,699
miR-122-5p,700
miR-548t-5p,701
miR-3620-3p,702
miR-711,703
miR-6884-5p,704
miR-6748-5p,705
miR-590-5p,706
miR-3909,707
miR-6791-5p,708
miR-548an,709
miR-202-3p,710
miR-7974,711
miR-6846-3p,712
miR-5692c,713
miR-302b-5p,714
miR-6875-5p,715
miR-3199,716
miR-4783-3p,717
miR-1293,718
miR-190a-3p,719
miR-608,720
miR-1324,721
miR-379-5p,722
miR-1264,723
miR-6874-3p,724
miR-1202,725
miR-1183,726
miR-1269b,727
miR-6880-5p,728
miR-4790-3p,729
miR-1247-3p,730
miR-224-5p,731
miR-598-5p,732
miR-6785-3p,733
miR-4742-3p,734
miR-6881-5p,735
miR-6750-3p,736
miR-4723-3p,737
miR-1229-5p,738
miR-6740-3p,739
miR-500b-3p,740
miR-3187-3p,741
miR-6499-5p,742
miR-3671,743
miR-890,744
miR-541-5p,745
miR-6774-3p,746
miR-508-5p,747
miR-146b-3p,748
miR-194-3p,749
miR-1256,750
miR-1275,751
miR-6877-3p,752
miR-4774-3p,753
miR-380-5p,754
miR-3605-5p,755
miR-6803-3p,756
miR-508-3p,757
miR-3127-3p,758
miR-3655,759
miR-587,760
miR-1298-5p,761
miR-4727-5p,762
miR-6890-5p,763
miR-1205,764
miR-6758-5p,765
miR-1301-5p,766
miR-147b,767
miR-4720-3p,768
miR-6759-3p,769
miR-3654,770
miR-3689d,771
miR-3912-3p,772
miR-6840-3p,773
miR-3170,774
miR-6508-5p,775
miR-365a-5p,776
miR-6764-5p,777
miR-767-5p,778
miR-6863,779
miR-4745-3p,780
miR-548ay-3p,781
miR-518c-3p,782
miR-374a-3p,783
miR-96-3p,784
miR-765,785
miR-4777-5p,786
miR-548al,787
miR-3682-3p,788
miR-3677-5p,789
miR-6871-5p,790
miR-575,791
miR-5192,792
miR-3684,793
miR-6078,794
miR-7112-3p,795
miR-7705,796
miR-520f-3p,797
miR-6752-5p,798
miR-5190,799
miR-6821-3p,800
miR-6809-3p,801
miR-6514-5p,802
miR-513b-5p,803
miR-3714,804
miR-548b-5p,805
miR-6861-3p,806
miR-1277-5p,807
miR-4730,808
miR-1204,809
miR-5187-5p,810
miR-5189-5p,811
miR-1909-3p,812
miR-6833-3p,813
miR-1273e,814
miR-671-5p,815
miR-1304-3p,816
miR-1297,817
miR-3124-3p,818
miR-517c-3p,819
miR-1243,820
miR-145-3p,821
miR-6882-3p,822
miR-6133,823
miR-6872-3p,824
miR-1912,825
miR-4775,826
miR-888-5p,827
miR-875-3p,828
miR-3133,829
miR-555,830
miR-4760-5p,831
miR-181b-3p,832
miR-942-3p,833
miR-6885-5p,834
miR-6823-5p,835
miR-3928-3p,836
miR-3064-3p,837
miR-5703,838
miR-1208,839
miR-3202,840
miR-612,841
miR-3153,842
miR-5691,843
miR-26a-5p,844
miR-6806-5p,845
miR-4780,846
miR-376a-2-5p,847
miR-563,848
miR-7157-3p,849
miR-4801,850
miR-6808-5p,851
miR-933,852
miR-6782-3p,853
miR-1295b-3p,854
miR-5007-3p,855
miR-6734-3p,856
miR-3118,857
miR-6815-5p,858
miR-1270,859
miR-6718-5p,860
miR-6828-5p,861
miR-544a,862
miR-6767-5p,863
miR-3614-3p,864
miR-130a-5p,865
miR-548ae,866
miR-296-3p,867
miR-6815-3p,868
miR-5087,869
miR-33b-3p,870
miR-2861,871
miR-4781-5p,872
miR-6856-3p,873
miR-3663-5p,874
miR-1272,875
miR-6071,876
miR-1538,877
miR-920,878
miR-1265,879
miR-1261,880
miR-548ar-3p,881
miR-6878-5p,882
miR-4764-3p,883
miR-3678-3p,884
miR-6817-3p,885
miR-3619-5p,886
miR-150-3p,887
miR-6885-3p,888
miR-6864-5p,889
miR-3187-5p,890
miR-548as-3p,891
miR-378a-3p,892
miR-6134,893
miR-4743-3p,894
miR-3179,895
miR-3155b,896
miR-6827-5p,897
miR-145-5p,898
miR-4798-3p,899
miR-3141,900
miR-1323,901
miR-155-3p,902
miR-6795-3p,903
miR-409-3p,904
miR-147a,905
miR-3198,906
miR-3664-5p,907
miR-3689a-3p,908
miR-376b-5p,909
miR-7111-5p,910
miR-6812-5p,911
miR-3611,912
miR-29a-5p,913
miR-5007-5p,914
miR-1282,915
miR-6736-5p,916
miR-5572,917
miR-660-3p,918
miR-4732-3p,919
miR-5197-3p,920
miR-3682-5p,921
miR-614,922
miR-6847-5p,923
miR-6753-3p,924
miR-1278,925
miR-601,926
miR-136-5p,927
miR-6742-3p,928
miR-7113-5p,929
miR-2392,930
miR-4738-3p,931
miR-3675-5p,932
miR-4742-5p,933
miR-6744-5p,934
miR-617,935
miR-6878-3p,936
miR-5589-3p,937
miR-652-5p,938
miR-6845-5p,939
miR-2053,940
miR-874-3p,941
miR-302f,942
miR-513a-5p,943
miR-3192-3p,944
miR-2052,945
miR-5000-5p,946
miR-8080,947
miR-1321,948
miR-5093,949
miR-5696,950
miR-1911-3p,951
miR-2117,952
miR-4759,953
miR-7106-5p,954
miR-3606-3p,955
miR-6733-5p,956
miR-32-3p,957
miR-2114-3p,958
miR-2113,959
miR-6833-5p,960
miR-5003-5p,961
miR-6741-5p,962
miR-6842-5p,963
miR-616-3p,964
miR-7978,965
miR-6865-5p,966
miR-6502-5p,967
miR-7111-3p,968
miR-1257,969
miR-548ao-3p,970
miR-3191-3p,971
miR-513b-3p,972
miR-6722-3p,973
miR-381-5p,974
miR-1258,975
miR-6124,976
miR-548ba,977
miR-376c-5p,978
miR-372-5p,979
miR-1910-5p,980
miR-6797-3p,981
miR-2467-5p,982
miR-4779,983
miR-6856-5p,984
miR-1263,985
miR-4753-3p,986
miR-4417,987
miR-4330,988
miR-125a-3p,989
miR-5006-3p,990
miR-6086,991
miR-6770-5p,992
miR-370-3p,993
miR-3619-3p,994
miR-619-3p,995
miR-8089,996
miR-4773,997
miR-6731-3p,998
miR-3617-5p,999
miR-3675-3p,1000
miR-1910-3p,1001
miR-548h-5p,1002
miR-6719-3p,1003
miR-558,1004
miR-6764-3p,1005
miR-3200-5p,1006
miR-4999-5p,1007
miR-4719,1008
miR-30b-3p,1009
miR-3163,1010
miR-4733-3p,1011
miR-520d-3p,1012
miR-4752,1013
miR-5707,1014
miR-373-3p,1015
miR-1468-3p,1016
miR-3145-3p,1017
miR-6796-5p,1018
miR-3152-3p,1019
miR-1285-5p,1020
miR-484,1021
miR-892b,1022
miR-507,1023
miR-370-5p,1024
miR-3674,1025
miR-3171,1026
miR-548ao-5p,1027
miR-664b-5p,1028
miR-2115-3p,1029
miR-6771-3p,1030
miR-6738-3p,1031
miR-219b-3p,1032
miR-6796-3p,1033
miR-8056,1034
miR-4758-5p,1035
miR-6834-5p,1036
miR-6813-5p,1037
miR-8084,1038
miR-6847-3p,1039
miR-7153-5p,1040
miR-5047,1041
miR-1343-5p,1042
miR-549a,1043
miR-4724-3p,1044
miR-662,1045
miR-5189-3p,1046
miR-6768-3p,1047
miR-5011-5p,1048
miR-648,1049
miR-4736,1050
miR-340-3p,1051
miR-4723-5p,1052
miR-6766-3p,1053
miR-6831-5p,1054
miR-3944-5p,1055
miR-6852-5p,1056
miR-3973,1057
miR-5689,1058
miR-5702,1059
miR-498,1060
miR-580-3p,1061
miR-7108-5p,1062
miR-891a-3p,1063
miR-6888-3p,1064
miR-514a-5p,1065
miR-4769-5p,1066
miR-8061,1067
miR-630,1068
miR-2682-5p,1069
miR-513c-3p,1070
miR-769-3p,1071
miR-3692-5p,1072
miR-658,1073
miR-3683,1074
miR-7114-5p,1075
miR-3670,1076
miR-613,1077
miR-2054,1078
miR-5580-3p,1079
miR-3161,1080
miR-4766-3p,1081
miR-6751-3p,1082
miR-6888-5p,1083
miR-766-5p,1084
miR-6870-3p,1085
miR-566,1086
miR-6895-3p,1087
miR-4774-5p,1088
miR-3117-5p,1089
miR-6791-3p,1090
miR-3201,1091
miR-6127,1092
miR-8083,1093
miR-2276-5p,1094
miR-564,1095
miR-6502-3p,1096
miR-3662,1097
miR-6744-3p,1098
miR-4766-5p,1099
miR-1911-5p,1100
miR-302c-5p,1101
miR-937-5p,1102
miR-2467-3p,1103
miR-3929,1104
miR-6129,1105
miR-571,1106
miR-3919,1107
miR-4291,1108
miR-653-3p,1109
miR-3690,1110
miR-7706,1111
miR-3912-5p,1112
miR-3616-3p,1113
miR-6715b-3p,1114
miR-302e,1115
miR-4768-5p,1116
miR-651-3p,1117
miR-3940-5p,1118
miR-3193,1119
miR-6776-3p,1120
miR-586,1121
miR-3136-5p,1122
miR-323b-5p,1123
miR-4778-3p,1124
miR-548au-3p,1125
miR-128-2-5p,1126
miR-6851-3p,1127
miR-6773-5p,1128
miR-202-5p,1129
miR-4302,1130
miR-514b-3p,1131
miR-6083,1132
miR-6882-5p,1133
miR-4314,1134
miR-4764-5p,1135
miR-556-3p,1136
miR-5698,1137
miR-4255,1138
miR-520a-5p,1139
miR-892c-3p,1140
miR-6844,1141
miR-3916,1142
miR-4322,1143
miR-4324,1144
miR-5582-3p,1145
miR-6499-3p,1146
miR-4325,1147
miR-3116,1148
miR-887-5p,1149
miR-642b-5p,1150
miR-6821-5p,1151
miR-7152-3p,1152
miR-6505-3p,1153
miR-8081,1154
miR-4796-5p,1155
miR-6837-3p,1156
miR-514b-5p,1157
miR-3978,1158
miR-4722-5p,1159
miR-889-5p,1160
miR-3176,1161
miR-4720-5p,1162
miR-588,1163
miR-297,1164
miR-5090,1165
miR-6130,1166
miR-515-3p,1167
miR-4262,1168
miR-409-5p,1169
miR-6778-5p,1170
miR-633,1171
miR-6770-3p,1172
miR-3189-3p,1173
miR-6757-5p,1174
miR-545-5p,1175
miR-487b-3p,1176
miR-302b-3p,1177
miR-567,1178
miR-4268,1179
miR-7161-5p,1180
miR-3928-5p,1181
miR-3606-5p,1182
miR-186-5p,1183
miR-378c,1184
miR-525-5p,1185
miR-2909,1186
miR-519d-3p,1187
miR-610,1188
miR-8053,1189
miR-6779-3p,1190
miR-510-5p,1191
miR-4760-3p,1192
miR-3616-5p,1193
miR-3157-3p,1194
miR-4433b-5p,1195
miR-635,1196
miR-4434,1197
miR-1298-3p,1198
miR-1537-3p,1199
miR-7515,1200
miR-4750-5p,1201
miR-4762-5p,1202
miR-4435,1203
miR-8071,1204
miR-19b-2-5p,1205
miR-7850-5p,1206
miR-4436b-3p,1207
miR-7702,1208
miR-4437,1209
miR-4441,1210
miR-7844-5p,1211
miR-4463,1212
miR-3915,1213
miR-4449,1214
miR-4256,1215
miR-6761-3p,1216
miR-519c-3p,1217
miR-3646,1218
miR-4447,1219
miR-6848-5p,1220
miR-323a-3p,1221
miR-3125,1222
miR-888-3p,1223
miR-767-3p,1224
miR-5680,1225
miR-383-3p,1226
miR-146a-3p,1227
miR-6825-3p,1228
miR-4296,1229
miR-4725-5p,1230
miR-4771,1231
miR-7854-3p,1232
miR-7856-5p,1233
miR-30d-3p,1234
miR-3660,1235
miR-4458,1236
miR-550b-2-5p,1237
miR-7114-3p,1238
miR-6868-5p,1239
miR-516b-5p,1240
miR-889-3p,1241
miR-3907,1242
miR-4467,1243
miR-4507,1244
miR-4470,1245
miR-6857-3p,1246
miR-518b,1247
miR-4297,1248
miR-3650,1249
miR-506-3p,1250
miR-548ab,1251
miR-6747-5p,1252
miR-8069,1253
miR-4317,1254
miR-381-3p,1255
miR-454-5p,1256
miR-7153-3p,1257
miR-33b-5p,1258
miR-4798-5p,1259
miR-4426,1260
miR-4419a,1261
miR-4510,1262
miR-3908,1263
miR-7154-3p,1264
miR-206,1265
miR-6503-3p,1266
miR-3609,1267
miR-376c-3p,1268
miR-449b-5p,1269
miR-523-3p,1270
miR-6069,1271
miR-4277,1272
miR-3977,1273
miR-6132,1274
miR-4465,1275
miR-372-3p,1276
miR-3686,1277
miR-4474-3p,1278
miR-6126,1279
miR-606,1280
miR-3064-5p,1281
miR-631,1282
miR-921,1283
miR-3976,1284
miR-4795-3p,1285
miR-4251,1286
miR-6809-5p,1287
miR-4283,1288
miR-4261,1289
miR-2278,1290
miR-6813-3p,1291
miR-3658,1292
miR-5685,1293
miR-8063,1294
miR-4436a,1295
miR-3605-3p,1296
miR-6827-3p,1297
miR-7107-5p,1298
miR-449b-3p,1299
miR-6887-5p,1300
miR-6829-5p,1301
miR-449c-5p,1302
miR-302c-3p,1303
miR-3618,1304
miR-3126-5p,1305
miR-3192-5p,1306
miR-6769b-3p,1307
miR-4252,1308
miR-6746-5p,1309
miR-5194,1310
miR-4293,1311
miR-5002-3p,1312
miR-6838-3p,1313
miR-6073,1314
miR-4269,1315
miR-2355-3p,1316
miR-4326,1317
miR-215-3p,1318
miR-8070,1319
miR-3143,1320
miR-4484,1321
miR-298,1322
miR-7703,1323
miR-6081,1324
miR-4271,1325
miR-3174,1326
miR-5004-5p,1327
miR-4290,1328
miR-578,1329
miR-4487,1330
miR-2116-3p,1331
miR-4275,1332
miR-3158-5p,1333
miR-4782-5p,1334
miR-548g-3p,1335
miR-8085,1336
miR-6859-3p,1337
miR-515-5p,1338
miR-4299,1339
miR-449a,1340
miR-4278,1341
miR-6723-5p,1342
miR-8082,1343
miR-4309,1344
miR-4489,1345
miR-7156-3p,1346
miR-4496,1347
miR-3147,1348
miR-4491,1349
miR-802,1350
miR-4493,1351
miR-5590-5p,1352
miR-6729-3p,1353
miR-208b-5p,1354
miR-7162-5p,1355
miR-4794,1356
miR-520g-5p,1357
miR-3925-5p,1358
miR-4804-5p,1359
miR-3922-5p,1360
miR-7976,1361
miR-5571-3p,1362
miR-562,1363
miR-7843-3p,1364
miR-550a-3-5p,1365
miR-8059,1366
miR-4294,1367
miR-5589-5p,1368
miR-6754-3p,1369
miR-203b-5p,1370
miR-6835-3p,1371
miR-600,1372
miR-7151-5p,1373
miR-450a-2-3p,1374
miR-8079,1375
miR-8088,1376
miR-5684,1377
miR-133a-5p,1378
miR-4765,1379
miR-302d-5p,1380
miR-204-5p,1381
miR-4282,1382
miR-4509,1383
miR-6814-3p,1384
miR-450a-1-3p,1385
miR-512-5p,1386
miR-8087,1387
miR-6818-3p,1388
miR-3126-3p,1389
miR-3177-3p,1390
miR-5694,1391
miR-6075,1392
miR-450b-5p,1393
miR-645,1394
miR-6734-5p,1395
miR-620,1396
miR-6737-5p,1397
miR-26a-2-3p,1398
miR-4453,1399
miR-451a,1400
miR-4279,1401
miR-23a-5p,1402
miR-6883-5p,1403
miR-4311,1404
miR-4428,1405
miR-6780b-3p,1406
miR-7155-5p,1407
miR-891b,1408
miR-4514,1409
miR-101-3p,1410
miR-4440,1411
miR-4513,1412
miR-4800-5p,1413
miR-3186-5p,1414
miR-5693,1415
miR-4272,1416
miR-3131,1417
miR-8078,1418
miR-6806-3p,1419
miR-554,1420
miR-548v,1421
miR-4287,1422
miR-758-5p,1423
miR-4517,1424
miR-504-5p,1425
miR-371b-5p,1426
miR-8060,1427
miR-548x-3p,1428
miR-513a-3p,1429
miR-6851-5p,1430
miR-4419b,1431
miR-4329,1432
miR-7848-3p,1433
miR-3137,1434
miR-4315,1435
miR-6082,1436
miR-4444,1437
miR-4518,1438
miR-7156-5p,1439
miR-6079,1440
miR-4519,1441
miR-8054,1442
miR-7851-3p,1443
miR-4520a-5p,1444
miR-6819-5p,1445
miR-4521,1446
miR-6867-5p,1447
miR-4263,1448
miR-6720-5p,1449
miR-454-3p,1450
miR-3922-3p,1451
miR-5586-3p,1452
miR-4761-5p,1453
miR-4308,1454
miR-3159,1455
miR-4727-3p,1456
miR-7161-3p,1457
miR-5088-3p,1458
miR-433-3p,1459
miR-6883-3p,1460
miR-8062,1461
miR-4312,1462
miR-4726-3p,1463
miR-4276,1464
miR-4306,1465
miR-4482-3p,1466
miR-432-3p,1467
miR-4522,1468
miR-7162-3p,1469
miR-5583-5p,1470
miR-320c,1471
miR-4528,1472
miR-208a-5p,1473
miR-6890-3p,1474
miR-649,1475
miR-4539,1476
miR-4530,1477
miR-4533,1478
miR-520e,1479
miR-519e-3p,1480
miR-4536-5p,1481
miR-4538,1482
miR-6884-3p,1483
miR-646,1484
miR-6735-3p,1485
miR-4789-5p,1486
miR-448,1487
miR-4421,1488
miR-5002-5p,1489
miR-499b-3p,1490
miR-4468,1491
miR-6799-5p,1492
miR-4461,1493
miR-5585-5p,1494
miR-4540,1495
miR-4267,1496
miR-6839-5p,1497
miR-607,1498
miR-4756-5p,1499
miR-609,1500
miR-3914,1501
miR-4477a,1502
miR-7973,1503
miR-4728-5p,1504
miR-4456,1505
miR-3166,1506
miR-7109-5p,1507
miR-885-3p,1508
miR-6511a-5p,1509
miR-6881-3p,1510
miR-7853-5p,1511
miR-5579-5p,1512
miR-8057,1513
miR-4310,1514
miR-4446-5p,1515
miR-4327,1516
miR-4446-3p,1517
miR-6877-5p,1518
miR-4802-5p,1519
miR-325,1520
miR-4438,1521
miR-6868-3p,1522
miR-6835-5p,1523
miR-924,1524
miR-8058,1525
miR-4527,1526
miR-6807-5p,1527
miR-8052,1528
miR-5571-5p,1529
miR-6779-5p,1530
miR-411-5p,1531
miR-548y,1532
miR-7150,1533
miR-7852-3p,1534
miR-6792-3p,1535
miR-3124-5p,1536
miR-4640-3p,1537
miR-569,1538
miR-5697,1539
miR-4305,1540
miR-8067,1541
miR-5587-3p,1542
miR-4495,1543
miR-4786-5p,1544
miR-4714-5p,1545
miR-4460,1546
miR-761,1547
miR-384,1548
miR-4713-3p,1549
miR-4713-5p,1550
miR-211-3p,1551
miR-452-5p,1552
miR-4712-5p,1553
miR-4777-3p,1554
miR-4425,1555
miR-4504,1556
miR-4738-5p,1557
miR-4494,1558
miR-412-5p,1559
miR-4480,1560
miR-744-3p,1561
miR-451b,1562
miR-450a-5p,1563
miR-4288,1564
miR-4499,1565
miR-5586-5p,1566
miR-7159-5p,1567
miR-5195-3p,1568
miR-8055,1569
miR-6766-5p,1570
miR-1914-3p,1571
miR-6834-3p,1572
miR-4711-3p,1573
miR-4451,1574
miR-8086,1575
miR-3142,1576
miR-100-5p,1577
miR-6828-3p,1578
miR-4709-5p,1579
miR-371b-3p,1580
miR-3167,1581
miR-5695,1582
miR-424-5p,1583
miR-548d-5p,1584
miR-452-3p,1585
miR-4709-3p,1586
miR-100-3p,1587
miR-4707-5p,1588
miR-4486,1589
miR-1,1590
miR-3680-5p,1591
miR-4427,1592
miR-7157-5p,1593
miR-4735-5p,1594
let-7i-5p,1595
miR-7843-5p,1596
miR-4502,1597
miR-3169,1598
miR-3144-5p,1599
miR-4498,1600
miR-513c-5p,1601
miR-4639-5p,1602
miR-3649,1603
miR-4638-5p,1604
miR-3681-5p,1605
miR-3679-5p,1606
miR-4301,1607
miR-559,1608
miR-4452,1609
let-7g-5p,1610
let-7g-3p,1611
miR-4292,1612
miR-557,1613
miR-503-3p,1614
miR-6780a-5p,1615
miR-657,1616
miR-6864-3p,1617
miR-3685,1618
miR-4265,1619
miR-7160-3p,1620
let-7f-5p,1621
miR-7158-3p,1622
let-7f-2-3p,1623
miR-6892-5p,1624
miR-3974,1625
miR-4442,1626
miR-6848-3p,1627
miR-382-5p,1628
miR-378e,1629
miR-4793-3p,1630
miR-5188,1631
miR-4483,1632
miR-1471,1633
miR-6751-5p,1634
let-7f-1-3p,1635
miR-5009-3p,1636
miR-509-3-5p,1637
miR-7107-3p,1638
miR-5197-5p,1639
miR-4320,1640
miR-6504-5p,1641
miR-580-5p,1642
miR-4431,1643
miR-4270,1644
miR-6780a-3p,1645
let-7e-5p,1646
let-7e-3p,1647
miR-3121-5p,1648
miR-4280,1649
miR-3186-3p,1650
miR-3119,1651
miR-4803,1652
miR-497-3p,1653
miR-6889-3p,1654
miR-181d-5p,1655
let-7d-5p,1656
miR-186-3p,1657
miR-4788,1658
miR-4537,1659
miR-5682,1660
miR-5690,1661
miR-4632-3p,1662
let-7d-3p,1663
miR-548m,1664
miR-5584-3p,1665
miR-6886-3p,1666
miR-6873-3p,1667
miR-7152-5p,1668
miR-5701,1669
miR-4637,1670
miR-6765-5p,1671
miR-510-3p,1672
miR-6772-5p,1673
miR-6820-3p,1674
miR-3679-3p,1675
miR-6783-3p,1676
miR-4639-3p,1677
miR-552-5p,1678
miR-6784-5p,1679
miR-6755-5p,1680
miR-7151-3p,1681
miR-6852-3p,1682
miR-4644,1683
miR-6870-5p,1684
let-7c-5p,1685
miR-4482-5p,1686
miR-3128,1687
miR-4641,1688
miR-4478,1689
miR-6889-5p,1690
miR-5187-3p,1691
miR-6866-5p,1692
miR-5688,1693
miR-3921,1694
miR-6895-5p,1695
miR-3941,1696
miR-4642,1697
miR-7160-5p,1698
miR-4726-5p,1699
miR-4295,1700
miR-668-5p,1701
miR-6887-3p,1702
miR-4645-3p,1703
miR-6761-5p,1704
miR-5089-3p,1705
miR-548ag,1706
miR-4481,1707
miR-4524b-5p,1708
miR-4646-5p,1709
miR-6739-3p,1710
miR-4647,1711
miR-875-5p,1712
miR-3920,1713
miR-8076,1714
miR-3191-5p,1715
miR-6859-5p,1716
miR-7106-3p,1717
miR-4707-3p,1718
miR-4422,1719
miR-3924,1720
miR-548e-3p,1721
miR-4706,1722
miR-15a-5p,1723
miR-3123,1724
miR-3657,1725
miR-4704-3p,1726
miR-4643,1727
miR-4700-5p,1728
miR-4731-5p,1729
miR-6837-5p,1730
miR-373-5p,1731
miR-4703-5p,1732
miR-4701-5p,1733
miR-6731-5p,1734
miR-3713,1735
miR-3122,1736
miR-4701-3p,1737
miR-198,1738
miR-3689b-3p,1739
miR-3149,1740
miR-3692-3p,1741
miR-4699-5p,1742
miR-4328,1743
miR-4699-3p,1744
miR-6793-5p,1745
miR-7109-3p,1746
miR-4254,1747
miR-3134,1748
miR-4648,1749
miR-4770,1750
miR-4649-3p,1751
let-7c-3p,1752
miR-4534,1753
miR-7159-3p,1754
miR-4786-3p,1755
miR-4649-5p,1756
miR-8074,1757
miR-1914-5p,1758
miR-5186,1759
miR-98-3p,1760
miR-4653-3p,1761
miR-3165,1762
miR-4650-3p,1763
miR-4652-5p,1764
miR-6832-5p,1765
miR-99a-5p,1766
miR-3614-5p,1767
miR-4473,1768
miR-4652-3p,1769
miR-4743-5p,1770
miR-6736-3p,1771
miR-4729,1772
miR-8065,1773
miR-6807-3p,1774
miR-4653-5p,1775
miR-4698,1776
miR-4657,1777
miR-4697-5p,1778
miR-4464,1779
miR-6786-3p,1780
miR-4697-3p,1781
miR-3140-3p,1782
miR-4500,1783
miR-4696,1784
miR-4695-5p,1785
miR-4535,1786
miR-4471,1787
miR-337-5p,1788
miR-583,1789
miR-466,1790
miR-3666,1791
miR-4472,1792
miR-6800-3p,1793
miR-4257,1794
miR-4654,1795
miR-6811-5p,1796
miR-4655-3p,1797
miR-5193,1798
miR-4655-5p,1799
miR-4656,1800
miR-553,1801
miR-8068,1802
miR-99b-3p,1803
miR-634,1804
miR-4318,1805
miR-4476,1806
miR-576-5p,1807
miR-6874-5p,1808
miR-520b,1809
miR-487a-5p,1810
miR-3938,1811
miR-4747-5p,1812
miR-4300,1813
miR-4266,1814
miR-4658,1815
miR-759,1816
miR-4659a-5p,1817
miR-548av-5p,1818
miR-3934-3p,1819
miR-6853-3p,1820
miR-4303,1821
miR-4751,1822
miR-4659b-5p,1823
miR-7154-5p,1824
miR-6772-3p,1825
miR-4477b,1826
miR-5699-5p,1827
miR-6775-5p,1828
miR-4690-5p,1829
miR-4695-3p,1830
miR-3942-5p,1831
miR-3935,1832
miR-367-5p,1833
miR-6853-5p,1834
miR-5581-3p,1835
miR-5195-5p,1836
miR-450b-3p,1837
miR-4694-5p,1838
miR-4432,1839
miR-4259,1840
miR-4511,1841
miR-6782-5p,1842
miR-4660,1843
miR-3162-5p,1844
miR-6741-3p,1845
miR-6841-5p,1846
miR-4661-5p,1847
miR-4663,1848
miR-581,1849
miR-6841-3p,1850
miR-4664-3p,1851
miR-623,1852
miR-4664-5p,1853
miR-6872-5p,1854
miR-6817-5p,1855
miR-4662a-3p,1856
miR-4307,1857
let-7b-5p,1858
miR-6505-5p,1859
miR-6799-3p,1860
miR-5704,1861
miR-5705,1862
miR-4273,1863
miR-410-5p,1864
miR-4665-5p,1865
miR-6756-5p,1866
miR-4666a-5p,1867
miR-3144-3p,1868
miR-621,1869
miR-6085,1870
miR-4799-5p,1871
miR-3175,1872
miR-6740-5p,1873
miR-4439,1874
miR-632,1875
miR-4525,1876
miR-4666b,1877
miR-4668-3p,1878
miR-4667-3p,1879
miR-4667-5p,1880
miR-647,1881
miR-519e-5p,1882
miR-6803-5p,1883
miR-6790-5p,1884
miR-4668-5p,1885
miR-6733-3p,1886
miR-6768-5p,1887
miR-4475,1888
miR-590-3p,1889
miR-4515,1890
miR-4506,1891
miR-4772-5p,1892
miR-3672,1893
miR-6854-3p,1894
miR-573,1895
miR-4693-5p,1896
miR-4462,1897
miR-615-3p,1898
miR-4524a-5p,1899
miR-4693-3p,1900
miR-4430,1901
miR-4692,1902
miR-6507-5p,1903
miR-378j,1904
miR-4691-5p,1905
let-7a-5p,1906
miR-4512,1907
miR-449c-3p,1908
miR-6513-5p,1909
miR-3691-3p,1910
miR-4669,1911
miR-6773-3p,1912
miR-6873-5p,1913
miR-4691-3p,1914
miR-4304,1915
miR-3691-5p,1916
miR-4455,1917
miR-4450,1918
miR-7846-3p,1919
miR-3939,1920
miR-593-3p,1921
miR-4671-3p,1922
miR-4670-5p,1923
miR-626,1924
miR-6769a-5p,1925
miR-4531,1926
miR-548az-5p,1927
miR-6892-3p,1928
miR-4671-5p,1929
miR-6840-5p,1930
miR-4672,1931
miR-6759-5p,1932
miR-4673,1933
miR-4677-3p,1934
miR-6822-3p,1935
miR-6843-3p,1936
miR-6876-3p,1937
miR-3661,1938
miR-379-3p,1939
miR-431-5p,1940
miR-4676-3p,1941
miR-3689f,1942
miR-3927-5p,1943
miR-521,1944
miR-4646-3p,1945
miR-302a-5p,1946
miR-644a,1947
miR-4675,1948
miR-6788-3p,1949
miR-548ay-5p,1950
miR-8077,1951
miR-4744,1952
miR-6728-3p,1953
miR-4683,1954
miR-4253,1955
miR-4681,1956
miR-6855-5p,1957
miR-380-3p,1958
miR-3923,1959
miR-4677-5p,1960
miR-627-3p,1961
miR-5687,1962
miR-3668,1963
miR-5004-3p,1964
miR-6783-5p,1965
miR-545-3p,1966
miR-324-3p,1967
miR-661,1968
miR-6867-3p,1969
miR-3185,1970
miR-3945,1971
miR-3184-3p,1972
miR-3135a,1973
miR-6128,1974
miR-4678,1975
miR-4679,1976
miR-99b-5p,1977
miR-4680-5p,1978
miR-6849-3p,1979
miR-6831-3p,1980
miR-6824-5p,1981
miR-3689a-5p,1982
miR-6762-3p,1983
miR-3917,1984
miR-4459,1985
miR-5006-5p,1986
miR-3617-3p,1987
miR-4761-3p,1988
miR-4501,1989
miR-568,1990
miR-4289,1991
miR-4505,1992
miR-4680-3p,1993
miR-624-3p,1994
miR-6781-3p,1995
miR-6832-3p,1996
miR-496,1997
miR-4264,1998
miR-4704-5p,1999
miR-4420,2000
miR-6748-3p,2001
miR-4682,2002
miR-6754-5p,2003
miR-516a-3p,2004
miR-5091,2005
miR-4690-3p,2006
miR-4684-3p,2007
miR-4688,2008
miR-6730-5p,2009
miR-345-3p,2010
miR-604,2011
miR-4689,2012
miR-3687,2013
miR-5692b,2014
miR-3688-5p,2015
miR-4490,2016
miR-4685-3p,2017
miR-4424,2018
let-7a-3p,2019
miR-4731-3p,2020
miR-5700,2021
miR-4687-3p,2022
let-7a-2-3p,2023
miR-4686,2024
miR-3975,2025
miR-6726-5p,2026
miR-3680-3p,2027
miR-4685-5p,2028
miR-4457,2029
miR-4503,2030
miR-411-3p,2031
miR-6774-5p,2032
miR-4684-5p,2033
miR-517-5p,2034
