Sample_ID,class,miR-135a-5p,miR-106b-5p,miR-93-3p,miR-205-5p,miR-93-5p,miR-200c-3p,miR-200a-3p,miR-19a-3p,miR-25-3p,miR-301b,miR-141-3p,miR-139-5p,miR-34c-5p,miR-34b-5p,miR-346,miR-217,miR-335-3p,miR-128-3p,miR-106b-3p,miR-210-3p,miR-873-5p,miR-216b-5p,miR-216a-5p,miR-4423-3p,miR-4423-5p
104-7316-2187_1,ATRT,23,8284,359,16,10242,152,71,9590,7655,1347,159,260,257,493,31,36,29,3166,555,7272,174,21,35,82,72
104-7316-122_1,ATRT,17,11073,396,33,9072,54,42,8507,9881,217,88,338,255,350,24,61,52,2074,690,226,23,36,67,47,51
104-7316-2186_1,ATRT,18092,8862,334,25,12609,11,33,8513,7561,179,13,139,947,260,8,245,90,2187,464,5423,167,50,1112,21,12
104-7316-2933_1,ATRT,6886,24626,812,119,30348,913,29,36193,18862,4321,1253,87,99,91,12,1933,74,3467,1086,8420,59,2378,4433,7,5
104-7316-1771_1,ATRT,520,14429,427,5,14844,38,18,14602,16869,1911,42,415,343,217,7,8,514,5145,1010,7314,13,13,7,22,13
104-7316-918_1,ATRT,0,6948,110,244,5251,23,34,8169,9162,58,50,207,57,112,7,3,66,679,336,2907,14,0,3,1,0
104-7316-376_1,ATRT,7,19024,572,22,20850,114,9,35245,25584,255,181,186,247,81,12,43,211,2892,801,1350,2,10,26,0,2
104-7316-1781_1,ATRT,1322,23522,871,22,24436,169,8,5612,20533,891,269,152,153,195,10,38,81,3180,1370,7235,28,20,41,22,21
104-7316-878_1,ATRT,5381,11210,415,172,11029,184,99,12517,17346,510,318,339,160,75,56,1348,137,5716,760,5490,93,2234,4274,55,66
104-7316-2141_1,ATRT,2951,28460,719,37737,33192,696,27,46017,20345,2864,1250,185,302,172,4,35,234,4782,578,4097,132,39,124,1,1
104-7316-1790_1,ATRT,8713,13983,736,42,15879,195,51,14188,22773,627,348,246,95,20,3,48,26,4397,961,8843,0,53,121,20,12
104-7316-2582_1,ATRT,210,8663,267,53,7258,161,183,8291,8615,285,289,288,380,293,55,326,78,3837,404,1147,13,21,917,18,12
104-7316-2181_1,ATRT,38972,8655,435,433,11063,109,157,7303,8262,317,150,259,571,153,18,2133,104,5357,445,1598,121,819,13098,24,33
112-7316-479_1,ATRT,154,8188,248,14,4573,23,37,4067,5615,151,73,1028,120,35,297,66,2,157095,335,738,81,31,67,4,3
112-7316-3045_1,ATRT,45,15325,574,366327,15677,265,14,20629,11891,484,367,209,87,68,46,13,438,16204,827,9601,14,0,7,6,6
104-7316-3020_1,Craniopharyngioma,119,9524,281,368926,7034,28438,28342,6361,9368,95,54958,383,629,262,6,6,7,1377,385,2909,55,4,4,7,6
104-7316-100_1,Craniopharyngioma,806,8060,293,273093,7754,27069,22064,7074,8977,120,44031,1927,714,258,119,41,29,8900,357,3532,73,19,48,57,43
104-7316-3773_1,Craniopharyngioma,709,8506,267,287389,6049,23893,19991,6407,7675,116,42668,1263,1869,621,152,47,24,7325,309,7323,132,22,84,23,22
104-7316-387_1,Craniopharyngioma,262,8633,246,369089,6545,26146,24500,6366,9276,95,50774,202,267,103,16,8,16,1184,346,4747,4,2,2,3,9
104-7316-3316_1,Craniopharyngioma,1130,4986,190,415,2537,22383,30816,3548,3673,181,37237,1171,85,67,9,24,7,4271,270,2038,13,25,73,23,7
104-7316-3571_1,Craniopharyngioma,14,10412,171,99020,7717,12763,8304,10221,9656,84,19016,512,1417,404,8,10,10,1778,373,3048,151,7,20,18,2
104-7316-3070_1,Craniopharyngioma,30,5859,151,164609,5141,21556,14001,3756,4999,82,30983,235,483,232,7,5,11,885,248,2950,21,2,11,10,5
104-7316-949_1,Craniopharyngioma,343,9715,282,319131,6368,24269,25810,5347,8814,88,44381,238,394,238,76,18,22,2846,391,2656,7,0,8,13,1
104-7316-1775_1,Craniopharyngioma,109,7291,213,313611,5109,22883,19833,3816,6293,53,39937,227,290,169,19,9,3,1335,326,2482,7,1,9,15,3
104-7316-341_1,Craniopharyngioma,389,11750,403,365620,10609,30648,23668,5584,10024,164,47232,1458,1363,434,248,23,12,9945,525,6281,247,14,50,48,25
104-7316-2183_1,Craniopharyngioma,228,10086,354,310601,7877,23579,18018,4916,8954,101,39246,574,764,337,150,27,14,3822,431,5317,39,5,31,18,18
104-7316-1748_1,Craniopharyngioma,62,6368,100,71841,5976,4344,3693,3956,7544,23,6742,188,88,25,1,1,2,555,330,445,7,2,4,4,2
104-7316-2671_1,Craniopharyngioma,165,6346,109,27053,5008,10203,12869,3931,5437,52,18442,379,131,56,2,9,7,1428,239,476,29,5,24,3,4
104-7316-166_1,Craniopharyngioma,222,7401,237,68510,6672,6225,6262,4245,7255,119,10158,458,1866,632,359,30,11,6704,325,1318,10,1,31,144,69
104-7316-380_1,Craniopharyngioma,94,9576,301,276403,8034,23172,20853,5457,8584,113,37194,618,738,245,15,31,14,1528,366,2281,41,11,21,9,5
104-7316-124_1,Craniopharyngioma,32,9409,248,521055,5175,28987,28811,5391,9244,56,54149,329,168,108,1,21,14,1148,425,2568,12,2,1,3,0
104-7316-2157_1,Craniopharyngioma,285,6433,213,216845,5209,15181,13490,3029,5993,63,23719,351,610,309,253,26,10,4528,279,4072,7,1,19,38,17
104-7316-1751_1,Craniopharyngioma,863,12863,279,119,11889,102,159,10244,14479,521,159,499,257,108,226,76,13,5150,676,1171,4,35,173,14,7
112-7316-164_1,Craniopharyngioma,2,9419,142,451,10126,55,87,7952,13035,49,149,328,118,34,9,5,1,696,475,446,1,2,12,2,1
112-7316-1773_1,Craniopharyngioma,7,5248,179,253,5567,96,106,5236,6546,155,179,645,194,117,21,118,7,1329,291,1455,22,76,168,25,22
112-7316-226_1,Craniopharyngioma,201,9594,270,205999,9087,17755,14540,5582,9730,77,29707,888,2468,604,99,27,4,3459,506,3730,80,14,31,14,12
104-7316-3069_1,Ependymoma,6374,10448,380,5,11738,40,159,5826,14173,298,87,445,49919,12817,149,78,11,5462,463,2449,6,49,93,2323,2273
104-7316-3299_1,Ependymoma,1388,4905,115,8,1262,12,39,2028,4062,120,16,265,4474,1088,76,6,19,1163,246,4462,0,2,6,17,8
104-7316-111_1,Ependymoma,12145,17789,624,8,18928,53,150,6777,18437,334,112,480,32800,7537,559,26,19,5454,949,2710,8,0,18,435,228
104-7316-872_1,Ependymoma,7536,8262,215,16,5822,55,146,6112,9077,452,99,447,6658,1642,200,31,5,3346,451,1010,2,2,17,342,206
104-7316-2757_1,Ependymoma,2202,5304,150,50,7215,58,369,3593,7446,138,70,265,290061,78528,158,66,28,2887,248,2345,49,55,146,600,612
104-7316-3_1,Ependymoma,2662,6447,211,1039,8144,44,835,2317,10784,80,96,647,249385,58653,80,22,13,3791,307,2192,134,11,6,833,469
104-7316-189_1,Ependymoma,6267,20651,638,100,18716,26,82,17540,22115,2892,26,179,5899,1279,309,19,11,6737,1385,4541,4,6,8,88,76
104-7316-130_1,Ependymoma,38,17538,714,5,19756,165,224,5779,7662,759,289,2056,589,252,179,24,11,16704,789,7325,39,8,51,3,2
104-7316-160_1,Ependymoma,4445,14080,498,8,15610,46,349,9500,16800,243,69,488,52046,14534,211,41,10,4288,549,4104,0,4,17,294,172
104-7316-394_1,Ependymoma,4131,9706,346,6,11821,22,294,6436,10839,280,46,298,20319,4773,256,149,10,3854,448,23516,1,161,310,448,245
104-7316-198_1,Ependymoma,3717,11816,423,6,12116,39,97,7523,17181,114,41,1417,12542,3009,97,15,6,3080,398,1233,17,2,11,1292,670
104-7316-47_1,Ependymoma,2813,19243,779,2,22842,5,100,7247,15120,628,15,1200,99,39,54,12,11,6756,954,5431,18,0,10,36,14
104-7316-384_1,Ependymoma,2251,9861,305,1,10135,36,325,6452,10502,314,85,342,59642,13779,302,19,7,2861,470,28504,1,4,16,392,273
104-7316-3319_1,Ependymoma,2506,9644,244,2,9819,8,168,6880,11230,160,29,325,40795,8229,159,22,8,2446,348,10124,275,3,4,533,275
104-7316-2959_1,Ependymoma,4251,10765,435,1,13958,63,110,2965,11934,472,84,244,6664,1478,919,625,7,2901,713,6999,5,797,1449,88,53
104-7316-2666_1,Ependymoma,3683,30681,1142,49,22567,28,842,18736,24870,6456,36,280,1372,302,838,73,7,3539,1339,6994,0,43,119,144,86
104-7316-3300_1,Ependymoma,3260,12933,482,7,13815,48,154,7229,11078,1096,81,474,7400,1571,160,67,66,2563,756,10605,6,49,200,260,190
104-7316-1886_1,Ependymoma,4399,9601,325,2,10318,25,150,5615,12036,352,30,304,21555,4568,49,41,6,3292,424,3961,2,1,50,275,144
104-7316-2170_1,Ependymoma,1227,11288,259,1,9588,15,122,3208,12760,8,37,260,353,111,52,24,10,1460,613,6288,0,3,18,336,113
104-7316-3292_1,Ependymoma,1102,5212,233,1,7449,19,117,2274,5614,515,28,133,2939,560,174,25,10,1902,334,5608,5,20,46,140,126
104-7316-2182_1,Ependymoma,1554,9164,234,3,10591,49,235,5818,10830,110,43,337,64347,15398,99,29,5,2157,462,2286,1,19,32,214,158
104-7316-451_1,Ependymoma,2900,51858,1467,12,37352,8,282,16116,42172,4341,17,484,467,125,95,11,35,4854,1532,3819,7,2,9,108,86
104-7316-443_1,Ependymoma,1567,9680,333,13,7278,24,459,7650,11026,237,33,534,413,125,17,110,7,3593,490,9330,16,6,218,240,149
104-7316-889_1,Ependymoma,4492,16610,566,4,17699,54,316,10946,17960,285,74,1121,15077,3324,184,63,7,6435,724,6857,87,13,97,331,177
104-7316-873_1,Ependymoma,7410,17712,700,16,21774,102,211,13100,20171,734,110,868,31154,7954,327,40,24,10728,774,3621,4,8,19,498,264
104-7316-2648_1,Ependymoma,5525,16214,430,17,14578,130,595,6159,23505,37,267,1794,46994,9544,156,11,3,3888,736,1256,1,2,7,2610,1860
104-7316-174_1,Ependymoma,328,7428,144,1,7506,18,46,4577,8347,35,28,165,121,20,15,92,0,579,338,930,0,80,190,31,15
104-7316-455_1,Ependymoma,842,11882,284,8,11361,49,127,9296,11841,282,71,737,3418,718,51,12,9,2588,513,7490,12,6,17,187,114
104-7316-1784_1,Ependymoma,2112,16212,666,7,20367,10,443,13017,21408,348,46,107,9101,2077,24,32,7,3100,873,1985,15,22,22,170,60
104-7316-2156_1,Ependymoma,6584,22375,635,2,14970,43,218,11425,18974,1341,60,383,7483,1534,128,1465,1,5135,616,1984,9,1970,3322,637,274
104-7316-1786_1,Ependymoma,1853,10069,166,6,9168,36,148,4170,10791,22,50,286,2864,656,50,522,0,959,409,1059,2,68,932,244,75
112-7316-490_1,Ependymoma,6707,20622,615,6,20680,45,69,20520,24138,420,66,1862,1100,349,163,33,11,6243,895,7481,14,4,26,703,414
112-7316-2758_1,Ependymoma,3847,12207,426,5,13458,95,416,5765,11955,714,122,1041,41750,9802,266,41,6,4211,579,3889,32,24,60,988,907
112-7316-496_1,Ependymoma,8260,30060,801,20,33119,87,678,22799,43470,460,131,691,41222,8486,717,90,35,6923,1483,32202,512,22,35,1050,492
112-7316-88_1,Ependymoma,453,12262,263,6,13709,38,89,9010,15345,81,46,551,627,140,121,107,4,1301,715,952,11,17,241,181,99
112-7316-892_1,Ependymoma,2455,11463,451,16,15562,57,203,9367,13689,296,74,924,22831,5299,305,27,8,6976,589,2235,4,6,13,259,125
104-7316-452_1,Ganglioglioma,226,5864,257,23,6352,111,166,2866,4769,335,107,23870,1389,450,636,17,13,123894,359,538,1293,5,20,13,13
104-7316-120_1,Ganglioglioma,308,6771,200,12,6770,59,124,4008,6812,261,84,8749,210,199,481,37,18,47799,365,385,339,22,61,8,7
104-7316-914_1,Ganglioglioma,329,9898,288,4,9657,84,71,4649,8769,98,207,587,705,461,470,29,15,14284,496,343,39,0,18,30,8
104-7316-91_1,Ganglioglioma,301,4856,241,22,6191,113,308,3641,4983,236,136,16396,1739,413,840,29,17,73951,321,1088,783,5,12,8,15
104-7316-230_1,Ganglioglioma,2067,28549,736,46,23451,290,975,18508,28104,633,390,14116,1717,1859,1339,94,67,89419,1226,1383,324,29,52,226,137
104-7316-359_1,Ganglioglioma,279,3621,116,12,3633,21,42,2146,2034,231,31,30430,80,17,441,10,17,189205,162,525,1617,1,14,1,0
104-7316-156_1,Ganglioglioma,110,5179,171,24,5661,187,214,2746,5302,213,217,589,633,475,374,93,26,4969,227,1421,26,37,148,39,24
104-7316-893_1,Ganglioglioma,192,8535,232,11,8494,106,433,5653,8517,223,139,4164,780,351,690,31,9,26438,385,452,141,4,27,44,7
104-7316-1793_1,Ganglioglioma,51,6526,199,14,6342,133,118,4382,5810,130,206,4534,1915,512,589,46,6,20996,433,903,407,4,52,18,4
104-7316-2901_1,Ganglioglioma,52,10227,321,17,8837,70,123,4368,8313,169,121,540,175,111,167,160,5,8883,484,663,41,8,455,45,13
112-7316-3572_1,Ganglioglioma,17,8983,334,20,14354,119,213,1183,10755,204,149,8013,1290,211,1061,40,9,50479,646,1034,647,31,76,6,2
112-7316-905_1,Ganglioglioma,56,10041,441,20,13746,102,205,874,9208,206,122,35480,151,16,635,15,13,123217,666,701,2440,0,33,3,3
112-7316-1854_1,Ganglioglioma,64,9356,507,27,15968,100,174,1065,10345,216,123,17597,1046,168,1079,69,4,94782,745,1314,1330,51,133,27,3
112-7316-3060_1,Ganglioglioma,66,16514,604,19,26188,203,214,959,20478,195,182,2260,732,123,804,299,6,15287,1163,1978,20,49,827,68,9
112-7316-321_1,Ganglioglioma,35,6637,348,19,9914,44,146,1202,6012,172,32,35559,478,70,1024,17,4,187539,389,994,3631,3,49,5,3
112-7316-101_1,Ganglioglioma,15,9768,372,12,13071,221,205,1241,9217,190,225,24084,349,53,1014,27,6,84221,747,693,1620,5,75,39,1
112-7316-2760_1,Ganglioglioma,11,7915,336,14,13430,37,212,963,7674,195,66,57252,442,66,1336,26,1,203755,576,1468,3644,15,54,7,13
112-7316-373_1,Ganglioglioma,400,19137,924,18,30214,52,40,1630,25324,726,51,7589,2261,359,279,24,2,32999,1408,2205,272,23,44,80,10
112-7316-319_1,Ganglioglioma,20,6216,310,44,11779,37,53,624,6780,83,28,8552,617,82,513,58,12,37973,419,447,724,28,46,16,4
104-7316-212_1,HGAT,32,17484,613,12,18299,134,392,5379,9154,878,161,1692,533,244,249,38,15,11615,954,13956,47,9,52,8,7
104-7316-870_1,HGAT,22,10919,269,5,11165,99,173,4774,10304,123,108,1065,53,61,181,25,2,11610,519,478,11,0,14,4,0
104-7316-388_1,HGAT,516,11408,325,7,8115,134,146,6134,6394,553,149,589,233,76,260,123,10,7769,529,1051,4,113,277,4,8
104-7316-2176_1,HGAT,60,11071,398,3,12143,64,73,4248,11000,149,102,3885,166,98,533,289,9,20701,487,995,4,286,595,6,0
104-7316-1789_1,HGAT,985,10242,280,13,11860,514,281,8442,10170,573,815,11183,1672,395,335,16,5,43884,427,3922,496,6,23,198,112
104-7316-37_1,HGAT,836,27513,881,2,28473,22,18,13481,26348,753,47,2444,166,35,45,6437,7,7701,1111,2074,959,9057,15113,4,4
104-7316-195_1,HGAT,62,24602,618,47,19484,74,86,7700,23272,1139,80,903,105,58,218,38,6,10040,1361,270,20,0,80,0,2
104-7316-2146_1,HGAT,16532,8263,236,463,4770,110,10859,4106,12386,270,182,1222,20589,4700,289,57,7,3847,350,902,3,35,51,470,136
104-7316-1774_1,HGAT,88,11939,299,20,6892,162,342,6294,13452,736,256,3517,112,96,454,862,22,19112,746,15906,66,23,2486,23,7
104-7316-2152_1,HGAT,611,13933,483,12,13858,231,109,9850,17054,439,340,1050,90,45,199,59,6,8090,532,773,37,25,80,1,1
104-7316-2594_1,HGAT,64,21781,659,8,24471,127,143,14432,18352,722,131,843,80,49,258,60,4,17980,815,1105,14,6,146,3,1
104-7316-89_1,HGAT,74,14287,394,11,14633,89,243,7353,14035,267,99,3913,361,117,600,23,5,27210,669,355,23,5,27,33,12
104-7316-2151_1,HGAT,786,10427,440,5,9820,73,223,4043,10660,280,97,753,7952,1472,594,14,3,15934,472,866,47,5,9,262,103
108-7316-3765_1,HGAT,325,5212,194,6,5846,24,53,2817,7532,100,37,3573,171,48,95,2412,6,15026,207,160,133,2849,4409,0,0
108-7316-3022_1,HGAT,439,5393,216,2,5016,36,73,2575,7032,497,58,86,168,59,63,162,11,8603,240,4442,1,226,393,0,0
108-7316-913_1,HGAT,40,12919,372,1,16273,49,115,4372,9093,701,71,620,39,22,113,56,4,3303,549,552,34,12,95,1,2
108-7316-870_1,HGAT,20,4896,133,4,4022,56,50,1717,3930,106,81,2792,47,28,117,19,3,17467,239,343,208,2,78,0,0
108-7316-409_1,HGAT,154,3980,103,1,3103,32,46,3543,4582,193,54,189,32,19,146,11,3,4289,241,1249,1,3,23,0,4
108-7316-1455_1,HGAT,51,3533,252,3,5661,221,11,432,6446,166,109,308,56,28,2,23,3,1280,303,1365,1,3,18,13,3
108-7316-466_1,HGAT,367,2615,95,0,2016,3,33,2555,1800,271,8,106,40,81,246,196,9,10913,194,241,5,26,610,0,0
108-7316-445_1,HGAT,1301,1623,80,4,1898,168,90,2751,2393,178,260,988,396,107,108,34,8,5622,108,340,26,20,113,22,15
108-7316-2140_1,HGAT,371,10926,365,1,9089,14,2,7190,15044,350,23,837,73,6,12,140,2,1187,579,1766,15,84,499,0,0
108-7316-895_1,HGAT,4653,3780,107,38,2076,16,1168,3143,5067,406,22,1368,58,45,106,1035,1,3436,201,217,35,1080,2208,9,1
108-7316-1769_1,HGAT,84,5573,165,1,4368,27,41,2234,4408,261,26,131,54,30,110,70,4,6134,347,4357,3,6,283,0,1
108-7316-114_1,HGAT,5,9083,252,1,9218,45,13,3556,9306,331,66,708,147,78,159,40,3,6798,399,1615,6,2,48,0,1
108-7316-1763_1,HGAT,957,4173,161,1,3388,9,58,3302,3936,344,16,1127,38,11,63,25,3,9202,237,266,70,8,32,0,0
108-7316-1746_1,HGAT,0,846,7535,2,856,150,62,33325,9755,2475,135,67,11,4,4,22,20,4303,1429,5771,33,0,8,6,0
112-7316-371_1,HGAT,22,22430,1110,8,35693,80,152,1997,23065,727,72,2449,168,24,340,34,4,13164,1881,15469,64,30,45,3,3
112-7316-942_1,HGAT,70,14222,512,26,14729,153,96,1185,20642,180,194,3632,347,45,377,71,14,14753,1399,25572,208,9,87,18,3
112-7316-2751_1,HGAT,306,10982,389,94,12090,53,502,1696,15651,1079,70,875,3879,548,232,45,10,6484,995,4834,49,36,77,91,11
112-7316-3303_1,HGAT,20,51871,1932,14,63883,109,300,2150,71389,1119,178,725,304,64,349,99,9,19150,3606,34207,15,2,258,4,1
112-7316-3769_1,HGAT,17,16283,937,5,33527,42,80,3359,18157,767,29,1457,222,37,707,10,4,125036,1451,2480,178,8,18,4,4
112-7316-24_1,HGAT,14,19539,744,18,35437,160,87,1359,20610,445,154,1013,328,61,401,43,19,8469,1717,1456,38,21,36,15,10
112-7316-339_1,HGAT,6,4403,158,4,10054,22,6,689,14464,4,12,120,19,0,16,11,12,697,555,3167,14,0,1,1,1
104-7316-70_1,LGAT,336,9683,354,18,8925,117,211,6654,9556,178,172,1456,422,160,583,20,7,88219,486,2172,35,6,8,49,33
108-7316-3575_1,LGAT,151,2671,100,1,2030,28,54,1669,2447,86,41,346,51,66,129,6,3,33598,126,435,10,1,6,19,5
108-7316-925_1,LGAT,147,1793,72,1,1572,18,18,1911,2079,78,15,311,24,40,139,9,3,13250,88,189,17,4,4,6,4
108-7316-1767_1,LGAT,7,4426,106,2,3571,20,52,2135,5041,57,38,985,86,74,114,24,50,19498,200,359,0,1,44,0,1
108-7316-193_1,LGAT,160,2617,91,3,2692,13,55,1861,2490,104,37,6441,488,192,178,6,7,36944,109,192,356,1,7,6,1
108-7316-77_1,LGAT,124,3417,159,1,2737,7,49,2246,2498,194,9,940,35,158,371,4,4,22964,186,133,1,0,3,6,2
108-7316-2663_1,LGAT,306,2793,123,5,2328,8,40,2671,2574,140,15,728,116,157,284,35,26,17309,156,180,1,47,86,16,8
108-7316-2669_1,LGAT,24,2335,113,10,2054,3,30,2443,2053,112,8,455,94,97,210,1,9,11699,115,251,0,1,1,0,1
108-7316-2723_1,LGAT,115,2128,86,2,2028,22,54,1536,2116,48,27,388,184,59,281,9,7,16840,113,369,73,1,7,1,1
108-7316-2755_1,LGAT,21,2943,138,4,2645,10,28,1811,2275,99,10,586,85,77,373,7,5,20048,162,200,1,0,1,2,1
108-7316-954_1,LGAT,236,4340,123,4,3687,7,22,3194,4532,75,36,771,102,64,245,1467,6,11980,154,217,5,1412,2855,10,4
108-7316-84_1,LGAT,189,3537,127,6,2898,47,43,2617,3531,77,67,369,59,36,175,15,4,33836,145,700,23,12,10,56,38
108-7316-442_1,LGAT,116,3977,127,10,3308,41,52,1513,3637,91,42,525,134,116,270,15,13,15045,196,311,0,0,22,12,6
108-7316-459_1,LGAT,40,1804,63,1,1709,9,27,1258,1667,37,12,330,83,82,194,9,4,5276,66,957,1,3,6,8,0
108-7316-391_1,LGAT,77,2816,94,3,2339,12,18,2681,2181,111,18,152,82,67,273,23,6,9708,97,1340,0,2,33,2,0
108-7316-944_1,LGAT,209,2989,74,4,2289,28,42,2083,2888,85,51,279,82,141,109,17,13,9439,125,177,1,0,49,5,5
108-7316-2154_1,LGAT,40,3225,111,4,2780,25,103,2322,3344,45,46,356,233,93,75,34,6,1880,129,204,2,3,57,9,0
108-7316-3065_1,LGAT,14,2524,79,0,2043,19,39,1809,2447,91,31,62,191,111,218,25,3,7296,106,160,0,2,42,0,0
108-7316-146_1,LGAT,14,3044,109,2,2599,24,30,2335,2723,95,34,314,140,144,278,17,2,7836,126,500,0,6,20,21,10
108-7316-3055_1,LGAT,12,2928,89,3,2415,17,15,2024,2738,108,17,447,66,65,222,6,1,12407,153,155,1,0,4,0,2
108-7316-3308_1,LGAT,15,1972,50,6,1643,11,24,1288,1704,55,16,221,76,93,224,3,9,8441,85,147,0,0,4,0,3
108-7316-3062_1,LGAT,22,2727,127,3,2139,5,4,1848,2464,103,18,256,41,42,188,20,10,13690,121,831,0,0,4,3,1
108-7316-2899_1,LGAT,4050,6877,296,4,5643,10,31,3237,7138,121,14,5321,3065,843,119,712,33,2283,240,655,1,883,1852,102,113
108-7316-2664_1,LGAT,393,3086,83,3,1813,11,48,2396,1831,132,29,377,1894,588,45,72,18,2097,130,186,16,10,131,47,31
108-7316-1851_1,LGAT,346,2803,106,2,2808,11,36,2080,2531,59,21,149,310,130,295,15,6,13825,148,132,0,3,7,15,16
108-7316-3555_1,LGAT,7,2244,72,2,1927,7,25,1680,1901,87,10,325,67,88,219,4,12,10461,117,207,0,2,3,3,0
108-7316-3556_1,LGAT,107,2462,127,1,2459,22,62,1637,2312,63,24,641,98,80,336,12,4,15166,120,324,25,2,8,4,0
108-7316-3561_1,LGAT,118,1733,63,2,1694,21,16,1052,1587,71,21,581,98,67,297,18,4,13979,70,189,7,7,16,2,3
108-7316-3566_1,LGAT,116,2853,127,3,2643,10,30,1450,2714,54,18,418,111,149,362,15,12,12351,160,127,0,9,23,4,0
108-7316-3570_1,LGAT,90,1937,83,7,1965,22,35,1400,1791,63,32,3277,910,287,95,30,6,25802,71,159,227,11,62,14,3
108-7316-891_1,LGAT,12,8800,268,1,8411,7,22,7722,8026,232,11,675,24,8,35,3558,5,22983,363,585,36,4581,8469,4,0
108-7316-344_1,LGAT,50,4578,117,3,3956,14,30,2237,4894,41,24,783,75,80,154,9,4,11327,253,216,1,0,3,1,0
108-7316-217_1,LGAT,87,2058,75,8,1722,19,86,1481,1847,131,26,4690,75,74,217,4,4,21983,103,330,222,0,10,34,38
108-7316-368_1,LGAT,59,5531,159,8,4616,22,51,4365,3973,228,29,914,87,96,344,49,13,23910,248,339,2,68,133,3,8
108-7316-898_1,LGAT,7,4232,103,7,3267,36,26,2693,3821,79,26,292,121,133,282,12,7,6439,165,1332,2,1,9,2,1
108-7316-20_1,LGAT,38,3081,109,2,2435,7,22,2605,2212,148,10,840,55,113,334,14,18,24180,169,218,2,3,4,1,2
108-7316-235_1,LGAT,25,3450,84,4,2471,20,29,3090,3138,127,26,431,55,70,70,6,6,2042,137,295,5,0,2,4,3
108-7316-162_1,LGAT,55,2358,56,2,1887,14,18,1179,2136,35,18,410,94,68,204,5,4,19100,100,311,7,0,7,4,3
108-7316-148_1,LGAT,270,2209,83,1,1884,49,27,1480,1873,94,61,1390,3048,748,213,9,4,27298,91,525,24,2,13,18,13
108-7316-168_1,LGAT,7,2691,87,1,1967,17,26,1732,2540,99,18,400,74,86,182,8,6,12781,112,571,2,0,3,1,2
108-7316-472_1,LGAT,206,3206,126,9,3100,12,42,2525,2921,118,24,681,43,110,350,7,16,13069,166,178,21,9,29,22,5
108-7316-175_1,LGAT,39,2536,133,23,2374,78,114,2585,2922,92,83,537,269,231,162,43,23,7624,137,417,26,41,26,32,37
108-7316-449_1,LGAT,136,2633,102,5,2507,27,118,2169,2607,67,49,471,105,73,138,10,4,15348,131,415,18,2,7,9,5
108-7316-495_1,LGAT,89,2299,85,5,1830,17,12,1815,1961,75,17,411,56,111,180,10,10,13636,103,153,2,2,5,7,2
108-7316-1845_1,LGAT,10,4822,140,3,4215,35,38,1861,3201,56,32,742,66,99,247,8,16,10193,218,1547,2,0,6,0,1
108-7316-222_1,LGAT,14,4359,143,4,3252,12,27,1854,3207,115,33,474,168,117,222,15,19,11302,226,1915,0,1,19,4,4
108-7316-332_1,LGAT,16,2884,99,6,2283,6,17,2184,2333,112,14,371,66,88,235,11,8,16228,167,249,0,1,5,2,2
108-7316-121_1,LGAT,9,2834,105,3,2522,6,40,2122,2223,86,9,421,122,126,260,6,11,12718,144,198,1,3,6,6,5
108-7316-957_1,LGAT,20,6140,226,8,4772,24,65,4503,5804,160,40,983,163,233,399,15,17,21808,290,2739,0,1,14,13,12
108-7316-499_1,LGAT,67,3057,66,6,2008,24,20,1978,2850,68,30,294,121,187,147,8,18,5239,157,172,2,0,6,29,15
108-7316-345_1,LGAT,12,3892,139,9,2956,15,26,2634,2762,135,16,865,178,107,402,9,10,24764,189,166,1,1,2,0,2
108-7316-932_1,LGAT,153,2516,73,0,2479,35,79,1869,2320,59,76,394,69,84,107,15,2,3950,87,150,8,1,15,17,15
108-7316-2172_1,LGAT,16,2788,97,10,2322,10,30,1953,1949,108,22,344,82,87,327,12,5,14127,125,169,2,5,1,4,8
108-7316-2184_1,LGAT,22,3932,128,8,3482,10,35,2581,3341,171,27,688,104,84,218,25,6,14998,177,215,1,8,28,4,1
108-7316-485_1,LGAT,33,3269,110,6,2789,24,34,2217,3505,70,22,405,79,81,267,11,4,12266,174,376,0,7,10,13,6
108-7316-880_1,LGAT,366,3426,177,1,4022,12,35,2159,3091,152,27,740,50,26,207,5,0,5905,178,223,27,5,19,8,2
108-7316-362_1,LGAT,22,3084,125,5,3000,32,83,2051,2947,66,61,1030,257,115,210,38,8,9151,133,268,12,8,98,6,3
108-7316-117_1,LGAT,38,2971,124,4,2321,14,26,1838,2889,80,19,765,29,113,205,7,6,17826,116,148,0,0,4,10,5
108-7316-134_1,LGAT,44,3160,104,4,2816,18,48,1961,2677,199,28,700,294,146,296,12,7,11372,162,270,0,4,11,8,3
108-7316-2195_1,LGAT,101,2349,125,3,2970,45,70,1861,2482,87,83,8400,572,156,255,8,4,28196,131,276,513,3,7,20,10
108-7316-2583_1,LGAT,29,4118,84,5,3418,20,24,2398,4166,44,30,1136,428,105,126,36,2,5641,217,182,37,10,56,5,3
108-7316-2581_1,LGAT,1,3186,112,5,3156,31,50,2122,2980,50,44,548,110,66,96,15,4,3154,101,207,23,0,32,16,10
108-7316-186_1,LGAT,56,2590,89,8,2746,13,65,1390,2654,39,26,423,58,55,290,7,3,8416,113,747,0,1,4,56,21
108-7316-206_1,LGAT,40,2910,99,21,2646,39,62,1895,2483,96,35,287,100,91,418,40,22,13651,158,385,18,24,30,39,27
108-7316-207_1,LGAT,20,3171,107,1,2604,22,57,2079,2896,99,31,313,44,69,180,16,4,12354,174,197,36,8,22,1,1
108-7316-176_1,LGAT,56,3500,89,3,2606,19,62,3314,3340,17,29,232,5347,1390,58,5,15,4110,149,753,7,2,2,513,383
108-7316-119_1,LGAT,49,3968,143,6,3223,39,35,2637,3341,203,41,477,58,85,338,11,13,14212,190,201,5,0,9,2,3
108-7316-127_1,LGAT,11,3192,76,9,2668,17,28,2176,2779,87,9,560,78,74,248,5,4,13144,152,1205,3,5,8,6,8
108-7316-2147_1,LGAT,16,2930,84,7,2599,20,24,1961,3085,58,21,150,31,55,136,13,4,6873,153,712,5,2,17,10,5
108-7316-329_1,LGAT,54,3047,69,1,2728,6,14,2040,3239,71,26,141,100,34,156,8,0,3881,153,3833,0,3,41,1,2
108-7316-397_1,LGAT,26,2819,88,0,3078,33,74,2555,3067,73,50,2343,204,71,247,19,1,10135,130,177,55,10,28,9,6
108-7316-882_1,LGAT,127,2838,61,9,2613,48,64,1774,2799,36,48,551,1300,395,203,11,3,4496,122,443,44,4,29,74,42
112-7316-884_1,LGAT,156,7879,172,12,6404,170,134,3469,9091,109,251,757,463,305,62,129,15,4143,348,364,403,24,414,46,9
112-7316-460_1,LGAT,8,18537,196,0,16478,30,27,10551,20200,75,33,319,38,41,47,2,4,3775,704,574,2,1,2,1,1
112-7316-370_1,LGAT,211,7838,180,13,7345,48,144,5415,8201,132,87,1131,524,205,446,22,6,25227,402,681,92,15,19,32,14
112-7316-196_1,LGAT,393,5543,162,9,3928,88,78,2706,4578,122,104,1138,766,287,444,19,7,67479,271,540,28,20,17,70,20
112-7316-400_1,LGAT,62,7559,290,5,6497,34,41,5720,6214,364,44,911,121,125,470,25,27,34532,366,658,2,0,10,3,2
112-7316-154_1,LGAT,45,9871,161,4,7101,46,57,4914,9535,127,71,486,113,106,210,16,12,14508,437,5189,0,2,8,0,3
112-7316-393_1,LGAT,218,10272,323,8,10835,82,228,5299,9427,335,148,327,208,262,931,9,29,21853,357,772,0,1,0,5,2
112-7316-173_1,LGAT,130,13831,373,22,13740,318,587,7038,14371,286,317,842,1194,538,599,153,36,6101,792,3730,4,12,349,84,40
112-7316-2667_1,LGAT,115,11690,436,14,10337,24,164,6829,8307,478,51,1116,96,188,455,11,19,52946,559,423,4,1,4,5,1
112-7316-475_1,LGAT,59,7090,238,31,6281,50,150,4252,5636,370,100,2360,136,187,508,41,36,35565,346,688,35,43,45,37,29
112-7316-487_1,LGAT,75,9050,262,4,7966,38,46,7828,9075,279,42,261,91,138,457,28,21,24508,494,753,17,2,27,3,1
112-7316-1760_1,LGAT,1020,6718,125,13,4262,168,200,3896,6178,93,231,511,180,561,177,109,24,3043,399,618,5,13,113,52,26
112-7316-2174_1,LGAT,445,6834,237,5,4368,87,114,3565,5260,179,117,882,99,88,287,10,5,98108,301,960,14,7,5,2,6
112-7316-441_1,LGAT,50,7459,191,7,6990,46,135,4578,7193,230,74,1457,745,408,759,28,14,21542,322,720,1,3,25,9,5
112-7316-936_1,LGAT,1297,7377,234,74,6934,78,253,3623,7279,65,150,886,137,400,285,73,14,6235,366,547,12,16,68,39,13
112-7316-938_1,LGAT,5,8107,184,18,6453,53,60,3514,8053,116,82,1055,1051,585,176,48,26,35735,362,1262,4,28,61,10,6
112-7316-946_1,LGAT,214,7110,244,3,6742,42,129,3891,6027,196,72,1285,311,252,732,20,20,26972,305,572,1,9,18,50,18
112-7316-2193_1,LGAT,78,6211,168,13,4924,36,56,3444,6208,155,29,488,180,232,352,28,23,18676,261,323,1,13,47,8,6
112-7316-2900_1,LGAT,543,6656,207,12,6511,109,159,6401,8118,169,152,997,252,212,390,53,7,15984,342,834,34,22,68,66,21
112-7316-869_1,LGAT,80,6656,170,13,5756,37,98,3686,6161,199,52,1928,314,170,541,27,23,30226,340,458,6,7,25,22,16
112-7316-9_1,LGAT,1,5678,114,2,4999,10,45,1891,5364,85,18,479,89,40,133,8,3,8107,290,553,4,0,4,5,5
112-7316-167_1,LGAT,0,3,0,0,9,1,0,1,2,0,1,13,0,0,1,0,0,45,1,0,2,0,0,0,0
112-7316-2167_1,LGAT,41,5742,211,11,5456,54,162,3200,5558,205,82,682,201,143,729,16,6,20429,259,291,6,3,4,45,27
112-7316-3068_1,LGAT,4,6515,169,10,6777,7,23,3822,7772,60,32,517,146,55,268,28,7,8742,321,493,22,0,4,7,24
112-7316-32_1,LGAT,149,7377,276,3,8693,72,158,5494,6959,264,114,12324,420,145,632,14,6,15970,419,563,29,13,45,18,11
112-7316-891_1,LGAT,0,9126,351,8,10317,46,56,1005,8222,240,47,3109,180,28,763,24,6,35618,548,10631,1,0,16,2,1
112-7316-875_1,LGAT,32,8326,303,10,12532,131,137,1219,9120,144,140,24978,1123,201,689,8,10,71307,513,1136,1420,2,3,11,5
112-7316-2729_1,LGAT,0,10588,395,8,13178,65,67,1407,8726,170,103,765,495,88,1342,33,12,33376,618,3237,2,0,41,10,2
112-7316-350_1,LGAT,2,7724,213,24,8332,74,34,822,8704,85,74,1926,429,71,365,18,16,8070,790,665,6,4,14,29,5
112-7316-897_1,Medulloblastoma,1536,14971,465,3,9712,25,12,6897,12679,408,36,2562,153,57,21,6766,6,5422,591,764,1376,8308,14765,0,1
112-7316-333_2,Medulloblastoma,78,58517,1769,1,65987,11,50,49267,64722,890,36,211,125,51,29,33903,11,4941,2096,3150,188,50707,124794,2,4
112-7316-3023_3,Medulloblastoma,407,79546,2059,2,84170,24,42,51865,117362,1614,41,132,54,23,135,25606,32,7835,3153,1702,21,41642,76244,8,3
112-7316-378_1,Medulloblastoma,839,120199,3258,6,105650,60,163,38022,137556,7474,80,7937,2042,533,23,18863,9,21789,4709,3045,114,32099,44115,7,8
112-7316-179_1,Medulloblastoma,3,15483,568,0,18267,30,37,15186,15866,121,48,2452,154,69,9,24,3,7404,847,4256,1172,29,32,21,25
112-7316-178_1,Medulloblastoma,4254,66142,2068,5,79961,18,12,61045,82789,2838,41,214,135,45,22,14821,22,5706,3509,1841,0,27974,52613,0,1
112-7316-347_1,Medulloblastoma,1076,26906,843,1,29662,18,12,15979,31092,656,49,1505,145,30,22,7710,4,4913,1293,818,2386,10425,18096,0,0
112-7316-302_1,Medulloblastoma,138,41578,915,1,45889,61,8,13792,45790,476,125,3542,70,16,10,32282,4,15639,1233,2441,688,38820,56625,4,3
112-7316-358_1,Medulloblastoma,418,34139,899,1,43103,27,23,28809,31281,1860,42,2329,3645,928,27,6352,7,22791,1462,2976,1055,8659,13377,10,5
112-7316-922_1,Medulloblastoma,51,29829,1062,4,37001,26,24,34084,39891,666,40,478,73,27,12,13581,8,3401,1675,2273,18,23768,38958,2,3
112-7316-153_1,Medulloblastoma,77,26806,907,16,33865,14,6,34166,29629,2091,23,456,58,25,16,692,9,7860,1227,3188,13,792,1451,0,2
112-7316-937_1,Medulloblastoma,1436,18655,484,0,15489,6,14,9496,18820,466,23,1711,152,54,17,13593,8,4603,567,1237,1344,17932,30259,5,5
112-7316-304_1,Medulloblastoma,535,26661,715,1,34757,74,3,46082,27083,1074,150,2366,205,47,4,26726,7,39691,933,1697,21,25927,49500,2,0
112-7316-313_1,Medulloblastoma,451,60728,1556,1,50637,12,11,14534,63895,837,41,521,137,41,9,11755,5,8666,1734,903,502,15687,26813,0,1
112-7316-314_1,Medulloblastoma,657,21203,686,0,18345,8,3,6396,23760,459,31,1601,157,39,13,6350,2,3058,816,1346,2323,8181,15995,3,2
112-7316-3025_1,Medulloblastoma,10920,41727,979,7,35885,2,66,46759,43619,1073,17,415,325,80,18,18610,4,5119,720,4458,143,19895,55355,2,8
112-7316-2178_1,Medulloblastoma,438,53067,1931,2,71747,22,19,35715,68897,2556,54,2827,156,32,21,14658,8,23551,2398,2431,430,22358,39760,5,3
112-7316-38_1,Medulloblastoma,1397,40647,1288,0,41466,21,1,22394,37740,1211,34,5928,81,26,7,8290,4,8251,1045,1385,3541,10307,18864,1,2
112-7316-2155_1,Medulloblastoma,1967,26808,794,35,23592,15,12,14411,29073,491,37,1614,161,51,29,18217,15,10545,756,1629,8218,23316,44263,0,4
112-7316-6_1,Medulloblastoma,232,53076,1498,1,63102,15,46,48629,64554,1035,20,244,54,12,37,25260,32,3784,2142,1266,34,40792,73120,3,3
112-7316-99_1,Medulloblastoma,371,31958,866,20,35864,28,26,69516,24284,3333,50,2381,307,79,48,420,14,12329,638,2054,18,397,1071,9,5
112-7316-931_1,Medulloblastoma,96,84680,1927,8,76216,21,49,33050,123804,809,53,182,47,14,210,17087,24,6820,2244,2018,5,25249,37606,11,1
112-7316-906_1,Medulloblastoma,4688,35686,1260,3,44689,14,87,40745,35939,1430,40,456,103,33,9,17130,13,4463,1587,5136,12,19734,50679,0,2
112-7316-407_1,Medulloblastoma,329,26776,802,1,24137,21,6,10827,20341,553,41,2561,226,43,54,5879,1,11133,1018,1628,2778,8836,15745,5,1
112-7316-278_1,Medulloblastoma,16,42881,1165,5,49841,47,15,40659,91106,465,68,291,124,28,82,21328,11,3828,1961,724,53,31650,46844,4,8
112-7316-883_1,Medulloblastoma,42,33683,853,8,39948,32,3,60346,31408,2287,40,3692,69,15,17,19551,7,9615,800,4003,684,23440,35730,2,5
112-7316-2169_1,Medulloblastoma,460,23672,604,0,21788,15,4,4811,29439,267,22,1947,124,26,12,4185,1,7476,1037,870,679,6415,8537,0,0
112-7316-306_1,Medulloblastoma,594,52130,1474,21,49599,23,24,9241,45241,1216,57,2751,240,45,23,5216,7,15226,1990,1226,544,8604,15433,1,1
112-7316-1772_1,Medulloblastoma,215,19115,607,9,26361,67,303,48344,19870,1845,116,4360,853,239,855,3878,4,31083,1142,3735,367,5732,8010,30,17
112-7316-2986_1,Medulloblastoma,327,55162,1484,12,62078,31,5,20225,56368,1535,61,542,279,67,51,17562,5,56898,2364,4376,1019,25970,38727,4,2
112-7316-467_1,Medulloblastoma,1687,52469,1397,9,59290,33,23,9038,44474,976,89,4604,279,49,8,4396,6,40682,2234,433,1072,6608,11630,1,2